{"barlow": {"err_rate": 73.80425262451172, "clean_error": 28.200000000000003, "mCE": 73.80425162064402, "RmCE": 74.65963745117188, "result": {"blur": {"glass_blur": {"err": 88.04039764404297, "by_diff": [0.6553599834442139, 0.8224199414253235, 0.9620800018310547, 0.9757400751113892, 0.9864199757575989]}, "motion_blur": {"err": 79.67359161376953, "by_diff": [0.5259000062942505, 0.6838600039482117, 0.8535799980163574, 0.948639988899231, 0.9716999530792236]}, "defocus_blur": {"err": 78.697998046875, "by_diff": [0.5161800384521484, 0.658079981803894, 0.8632000088691711, 0.9299399852752686, 0.9674999713897705]}, "zoom_blur": {"err": 85.83720397949219, "by_diff": [0.7230199575424194, 0.8282400369644165, 0.8848199248313904, 0.9160799980163574, 0.9397000074386597]}}, "digital": {"jpeg_compression": {"err": 61.72200012207031, "by_diff": [0.5204399824142456, 0.5619000196456909, 0.5898200273513794, 0.6665999889373779, 0.7473399639129639]}, "elastic_transform": {"err": 71.84720611572266, "by_diff": [0.4815400242805481, 0.7336399555206299, 0.6370999813079834, 0.7833399772644043, 0.9567400217056274]}, "contrast": {"err": 85.48199462890625, "by_diff": [0.6636000275611877, 0.7678200006484985, 0.8789199590682983, 0.9695199728012085, 0.9942399859428406]}, "pixelate": {"err": 66.4395980834961, "by_diff": [0.5037800073623657, 0.5233800411224365, 0.6582199931144714, 0.785599946975708, 0.8510000109672546]}}, "extra": {"saturate": {"err": 46.610801696777344, "by_diff": [0.4473799765110016, 0.45951998233795166, 0.3901199996471405, 0.46678000688552856, 0.5667400360107422]}, "spatter": {"err": 68.5479965209961, "by_diff": [0.4222400188446045, 0.5732200145721436, 0.7183200120925903, 0.8143600225448608, 0.8992599248886108]}, "gaussian_blur": {"err": 72.91879272460938, "by_diff": [0.41791999340057373, 0.5135799646377563, 0.7994999885559082, 0.9345800280570984, 0.9803599715232849]}, "speckle_noise": {"err": 70.3479995727539, "by_diff": [0.5066399574279785, 0.5697000026702881, 0.7371599674224854, 0.8171600103378296, 0.88673996925354]}}, "noise": {"impulse_noise": {"err": 82.98320007324219, "by_diff": [0.7171199917793274, 0.7748799920082092, 0.8107600212097168, 0.8931999802589417, 0.9531999826431274]}, "shot_noise": {"err": 75.03840637207031, "by_diff": [0.5248600244522095, 0.6355999708175659, 0.7560199499130249, 0.8908799886703491, 0.9445599913597107]}, "gaussian_noise": {"err": 73.03720092773438, "by_diff": [0.5126799941062927, 0.6034799814224243, 0.7319599986076355, 0.856719970703125, 0.9470199346542358]}}, "weather": {"brightness": {"err": 46.1400032043457, "by_diff": [0.39201998710632324, 0.4110599756240845, 0.44450005888938904, 0.4950600564479828, 0.5643600225448608]}, "fog": {"err": 86.76119232177734, "by_diff": [0.758080005645752, 0.8345199823379517, 0.8890799880027771, 0.9024400115013123, 0.9539399743080139]}, "frost": {"err": 78.02839660644531, "by_diff": [0.5453799962997437, 0.7477200031280518, 0.8451000452041626, 0.8622800707817078, 0.9009400010108948]}, "snow": {"err": 84.12680053710938, "by_diff": [0.655259907245636, 0.8555600047111511, 0.8427200317382812, 0.9145600199699402, 0.9382399916648865]}}}}, "byol": {"err_rate": 73.771240234375, "clean_error": 28.200000000000003, "mCE": 73.77124083669563, "RmCE": 74.62348175048828, "result": {"blur": {"glass_blur": {"err": 86.48919677734375, "by_diff": [0.6263200044631958, 0.7939800024032593, 0.9508200287818909, 0.9687999486923218, 0.9845399260520935]}, "motion_blur": {"err": 80.2228012084961, "by_diff": [0.5319600105285645, 0.6904399991035461, 0.8618199825286865, 0.9531600475311279, 0.9737600088119507]}, "defocus_blur": {"err": 77.78279876708984, "by_diff": [0.5084599852561951, 0.6442199945449829, 0.8479800224304199, 0.9242600202560425, 0.9642199873924255]}, "zoom_blur": {"err": 85.91759490966797, "by_diff": [0.7232599854469299, 0.8262400031089783, 0.884440004825592, 0.9190999865531921, 0.9428399801254272]}}, "digital": {"jpeg_compression": {"err": 62.6660041809082, "by_diff": [0.5206600427627563, 0.566540002822876, 0.596060037612915, 0.6813600063323975, 0.7686799764633179]}, "elastic_transform": {"err": 72.63839721679688, "by_diff": [0.4955400228500366, 0.7485200762748718, 0.6392999887466431, 0.788140058517456, 0.9604200124740601]}, "contrast": {"err": 84.0864028930664, "by_diff": [0.6472200155258179, 0.7459999918937683, 0.8558599948883057, 0.9616000652313232, 0.9936400055885315]}, "pixelate": {"err": 65.65839385986328, "by_diff": [0.4983999729156494, 0.5200200080871582, 0.6522400379180908, 0.7790000438690186, 0.8332599401473999]}}, "extra": {"saturate": {"err": 47.64360427856445, "by_diff": [0.4626200199127197, 0.4811999797821045, 0.39476001262664795, 0.47346001863479614, 0.57014000415802]}, "spatter": {"err": 69.60919952392578, "by_diff": [0.4334999918937683, 0.5900000333786011, 0.735319972038269, 0.8181599974632263, 0.9034799933433533]}, "gaussian_blur": {"err": 72.57359313964844, "by_diff": [0.419700026512146, 0.5141199827194214, 0.7905600070953369, 0.9259399175643921, 0.9783599972724915]}, "speckle_noise": {"err": 71.1332015991211, "by_diff": [0.5180400013923645, 0.579800009727478, 0.7473999857902527, 0.8225600719451904, 0.8888599872589111]}}, "noise": {"impulse_noise": {"err": 81.22798919677734, "by_diff": [0.712939977645874, 0.7562400102615356, 0.784600019454956, 0.8695399761199951, 0.9380800127983093]}, "shot_noise": {"err": 75.53399658203125, "by_diff": [0.5377399921417236, 0.647819995880127, 0.7628999948501587, 0.8873599767684937, 0.9408800005912781]}, "gaussian_noise": {"err": 73.41360473632812, "by_diff": [0.5303800106048584, 0.6172400116920471, 0.7358199954032898, 0.8504800200462341, 0.9367600083351135]}}, "weather": {"brightness": {"err": 46.123600006103516, "by_diff": [0.3955199718475342, 0.41227999329566956, 0.44349998235702515, 0.4937399923801422, 0.5611400008201599]}, "fog": {"err": 86.42759704589844, "by_diff": [0.743679940700531, 0.8212599754333496, 0.886680006980896, 0.9114400744438171, 0.9583200216293335]}, "frost": {"err": 77.87520599365234, "by_diff": [0.54830002784729, 0.7439600229263306, 0.8412600159645081, 0.85944002866745, 0.9007999897003174]}, "snow": {"err": 84.6303939819336, "by_diff": [0.678059995174408, 0.8604999780654907, 0.848240077495575, 0.9098600149154663, 0.9348599910736084]}}}}, "simclr": {"err_rate": 75.99324035644531, "clean_error": 33.099999999999994, "mCE": 75.99324196263363, "RmCE": 75.98383331298828, "result": {"blur": {"glass_blur": {"err": 87.7947998046875, "by_diff": [0.6794999837875366, 0.8127000331878662, 0.951219916343689, 0.9666600227355957, 0.9796599745750427]}, "motion_blur": {"err": 82.023193359375, "by_diff": [0.5780999660491943, 0.7226200103759766, 0.8751599788665771, 0.9527199268341064, 0.9725599884986877]}, "defocus_blur": {"err": 82.6144027709961, "by_diff": [0.636680006980896, 0.73471999168396, 0.8689600229263306, 0.9298200011253357, 0.9605399966239929]}, "zoom_blur": {"err": 87.71879577636719, "by_diff": [0.7663400173187256, 0.8517000079154968, 0.8967199921607971, 0.924340009689331, 0.9468399882316589]}}, "digital": {"jpeg_compression": {"err": 68.19600677490234, "by_diff": [0.5771200060844421, 0.6256600022315979, 0.6576200127601624, 0.7386200428009033, 0.8107799291610718]}, "elastic_transform": {"err": 74.66600036621094, "by_diff": [0.5366399884223938, 0.7598000168800354, 0.6760399341583252, 0.8043999671936035, 0.9564200043678284]}, "contrast": {"err": 79.79320526123047, "by_diff": [0.5886800289154053, 0.671980082988739, 0.7948400378227234, 0.9441800117492676, 0.9899799823760986]}, "pixelate": {"err": 67.03919982910156, "by_diff": [0.5393800139427185, 0.5420199632644653, 0.6638599634170532, 0.7730399966239929, 0.8336599469184875]}}, "extra": {"saturate": {"err": 49.747596740722656, "by_diff": [0.49000000953674316, 0.5331200361251831, 0.4225199818611145, 0.4752799868583679, 0.5664600133895874]}, "spatter": {"err": 70.5503921508789, "by_diff": [0.46017998456954956, 0.6052600145339966, 0.7356599569320679, 0.8272200226783752, 0.8992000818252563]},