{
    "dino": {
    "result": {
      "blur": {
        "glass_blur": {
          "err": 85.4751968383789,
          "by_diff": [
            0.5918999910354614,
            0.7758600115776062,
            0.952180027961731,
            0.969980001449585,
            0.9838400483131409
          ]
        },
        "motion_blur": {
          "err": 75.9219970703125,
          "by_diff": [
            0.4878000020980835,
            0.6312999725341797,
            0.8064600229263306,
            0.9178399443626404,
            0.9527000188827515
          ]
        },
        "defocus_blur": {
          "err": 76.46480560302734,
          "by_diff": [
            0.5306199789047241,
            0.6461800336837769,
            0.8129199743270874,
            0.890760064125061,
            0.9427599906921387
          ]
        },
        "zoom_blur": {
          "err": 81.9491958618164,
          "by_diff": [
            0.6756600141525269,
            0.7805999517440796,
            0.8401399850845337,
            0.8837400078773499,
            0.9173200130462646
          ]
        }
      },
      "digital": {
        "jpeg_compression": {
          "err": 59.575199127197266,
          "by_diff": [
            0.48179998993873596,
            0.5277600288391113,
            0.5618799924850464,
            0.6547800302505493,
            0.7525399923324585
          ]
        },
        "elastic_transform": {
          "err": 70.45679473876953,
          "by_diff": [
            0.45017996430397034,
            0.69923996925354,
            0.6362400054931641,
            0.7818399667739868,
            0.9553400278091431
          ]
        },
        "contrast": {
          "err": 79.23480224609375,
          "by_diff": [
            0.575219988822937,
            0.6663600206375122,
            0.7931600213050842,
            0.9370800256729126,
            0.9899200201034546
          ]
        },
        "pixelate": {
          "err": 67.53599548339844,
          "by_diff": [
            0.5031599998474121,
            0.5428799986839294,
            0.6678600311279297,
            0.8115799427032471,
            0.8513200283050537
          ]
        }
      },
      "extra": {
        "saturate": {
          "err": 44.21039962768555,
          "by_diff": [
            0.44157999753952026,
            0.4642999768257141,
            0.35373997688293457,
            0.4299600124359131,
            0.5209400057792664
          ]
        },
        "spatter": {
          "err": 65.24000549316406,
          "by_diff": [
            0.3923799991607666,
            0.5448000431060791,
            0.6868200898170471,
            0.7658799886703491,
            0.8721200823783875
          ]
        },
        "gaussian_blur": {
          "err": 69.82839965820312,
          "by_diff": [
            0.3975600004196167,
            0.506659984588623,
            0.7382800579071045,
            0.879360020160675,
            0.9695600271224976
          ]
        },
        "speckle_noise": {
          "err": 68.39600372314453,
          "by_diff": [
            0.4877600073814392,
            0.5511599779129028,
            0.7143800258636475,
            0.7947800159454346,
            0.8717200756072998
          ]
        }
      },
      "noise": {
        "impulse_noise": {
          "err": 83.75160217285156,
          "by_diff": [
            0.7458000183105469,
            0.7714400291442871,
            0.8055000305175781,
            0.9007800221443176,
            0.9640600085258484
          ]
        },
        "shot_noise": {
          "err": 75.09159088134766,
          "by_diff": [
            0.5191199779510498,
            0.6374399662017822,
            0.7557399868965149,
            0.8949600458145142,
            0.9473199248313904
          ]
        },
        "gaussian_noise": {
          "err": 74.0508041381836,
          "by_diff": [
            0.5091800093650818,
            0.6161800026893616,
            0.7493399977684021,
            0.8709800243377686,
            0.9568599462509155
          ]
        }
      },
      "weather": {
        "brightness": {
          "err": 41.01320266723633,
          "by_diff": [
            0.35405999422073364,
            0.3672400414943695,
            0.3926199972629547,
            0.436519980430603,
            0.500220000743866
          ]
        },
        "fog": {
          "err": 81.92120361328125,
          "by_diff": [
            0.6766400337219238,
            0.7569000124931335,
            0.83160001039505,
            0.8770599961280823,
            0.9538600444793701
          ]
        },
        "frost": {
          "err": 75.15239715576172,
          "by_diff": [
            0.4995800256729126,
            0.710099995136261,
            0.8206000328063965,
            0.840719997882843,
            0.8866199254989624
          ]
        },
        "snow": {
          "err": 83.46639251708984,
          "by_diff": [
            0.6500799655914307,
            0.8596399426460266,
            0.8273000121116638,
            0.8991199731826782,
            0.9371799230575562
          ]
        }
      }
    }
    },
    "dino_vit": {  
    "result": {
      "blur": {
        "glass_blur": {
          "err": 73.9672012329,
          "by_diff": [
            40.5959993601,
            56.8940043449,
            86.4059984684,
            91.3760006428,
            94.5640027523
          ]
        },
        "zoom_blur": {
          "err": 75.4580001831,
          "by_diff": [
            56.5379977226,
            69.0039992332,
            77.6360034943,
            84.3840003014,
            89.7279977798
          ]
        },
        "motion_blur": {
          "err": 63.9295921326,
          "by_diff": [
            35.0459963083,
            46.8259990215,
            65.0319993496,
            82.537996769,
            90.2060031891
          ]
        },
        "defocus_blur": {
          "err": 69.9119949341,
          "by_diff": [
            38.5640025139,
            51.3679981232,
            75.2539992332,
            88.8599991798,
            95.5139994621
          ]
        }
      },
      "digital": {
        "pixelate": {
          "err": 54.3223991394,
          "by_diff": [
            34.1059982777,
            40.4559999704,
            46.3859975338,
            62.3939990997,
            88.2700026035
          ]
        },
        "jpeg_compression": {
          "err": 50.5416030884,
          "by_diff": [
            37.4800026417,
            42.4499958754,
            45.9920018911,
            57.0520043373,
            69.7340011597
          ]
        },
        "elastic_transform": {
          "err": 51.2159957886,
          "by_diff": [
            31.981998682,
            54.97199893,
            39.1899973154,
            51.6099989414,
            78.3259987831
          ]
        },
        "contrast": {
          "err": 74.7068023682,
          "by_diff": [
            44.3080037832,
            55.6599974632,
            75.8880019188,
            97.8600025177,
            99.8180031776
          ]
        }
      },
      "extra": {
        "speckle_noise": {
          "err": 49.5439987183,
          "by_diff": [
            32.7340006828,
            36.7879986763,
            49.9779999256,
            58.6340010166,
            69.5860087872
          ]
        },
        "gaussian_blur": {
          "err": 62.9687957764,
          "by_diff": [
            29.0719985962,
            38.7260019779,
            64.8679971695,
            85.1559996605,
            97.0219969749
          ]
        },
        "spatter": {
          "err": 41.3187980652,
          "by_diff": [
            27.4999976158,
            34.4340026379,
            42.4019992352,
            45.6100016832,
            56.648004055
          ]
        },
        "saturate": {
          "err": 32.3223991394,