{"supervised": {"err_rate": 53.69044494628906, "clean_error": 76.13, "mCE": 53.690441733912415, "RmCE": 42.12972640991211, "result": {"blur": {"motion_blur": {"err": 57.406394958496094, "by_diff": [35.55600047111511, 43.6519980430603, 57.242000102996826, 71.48399949073792, 79.09799814224243]}, "glass_blur": {"err": 67.3875961303711, "by_diff": [41.95200204849243, 53.68800163269043, 73.01200032234192, 80.08599877357483, 88.19999694824219]}, "zoom_blur": {"err": 56.24959945678711, "by_diff": [43.98199915885925, 51.03800296783447, 56.4300000667572, 62.43000030517578, 67.3680067062378]}, "defocus_blur": {"err": 67.6416015625, "by_diff": [43.470001220703125, 53.4000039100647, 70.55200338363647, 81.85399770736694, 88.93200159072876]}}, "digital": {"jpeg_compression": {"err": 45.61320114135742, "by_diff": [34.03400182723999, 38.12800347805023, 41.5120005607605, 50.999999046325684, 63.39200139045715]}, "elastic_transform": {"err": 45.90760040283203, "by_diff": [34.557998180389404, 52.43799686431885, 38.14600110054016, 44.34400200843811, 60.05200147628784]}, "pixelate": {"err": 42.624000549316406, "by_diff": [32.36800134181976, 34.94200110435486, 40.38199484348297, 49.629998207092285, 55.79800009727478]}, "contrast": {"err": 56.086395263671875, "by_diff": [34.25599932670593, 38.2779985666275, 46.56599760055542, 69.56599950790405, 91.76599979400635]}}, "extra": {"gaussian_blur": {"err": 63.52680206298828, "by_diff": [32.9259991645813, 48.18999767303467, 65.99400043487549, 78.92000079154968, 91.60400629043579]}, "spatter": {"err": 45.885597229003906, "by_diff": [30.29400110244751, 37.76800036430359, 44.958001375198364, 52.671998739242554, 63.735997676849365]}, "saturate": {"err": 34.914798736572266, "by_diff": [30.706000328063965, 33.7740033864975, 29.40800189971924, 35.79400181770325, 44.892001152038574]}, "speckle_noise": {"err": 54.40400314331055, "by_diff": [37.158000469207764, 41.77800118923187, 55.95400333404541, 63.84400129318237, 73.28599691390991]}}, "noise": {"impulse_noise": {"err": 62.79439926147461, "by_diff": [43.956002593040466, 52.271997928619385, 59.202003479003906, 73.38600158691406, 85.15599966049194]}, "gaussian_noise": {"err": 59.94880294799805, "by_diff": [37.96200156211853, 45.89599967002869, 58.05400013923645, 71.8940019607544, 85.93800067901611]}, "shot_noise": {"err": 61.82040023803711, "by_diff": [39.278000593185425, 48.580002784729004, 60.00000238418579, 76.02999806404114, 85.21400690078735]}}, "weather": {"frost": {"err": 58.616798400878906, "by_diff": [39.82999920845032, 53.62200140953064, 63.52199912071228, 65.21199941635132, 70.89799642562866]}, "snow": {"err": 58.8524055480957, "by_diff": [42.98999905586243, 57.646000385284424, 57.34000205993652, 66.88799858093262, 69.39799785614014]}, "fog": {"err": 47.21479797363281, "by_diff": [37.56999969482422, 41.43199920654297, 46.76799774169922, 49.99799728393555, 60.30600070953369]}, "brightness": {"err": 33.22319793701172, "by_diff": [28.83399724960327, 30.053997039794922, 32.59199857711792, 35.38200259208679, 39.253997802734375]}}}}}