{"err_rate":{"blur":57.2849693298,"digital":57.2849693298,"extra":57.2849693298,"noise":57.2849693298,"weather":57.2849693298},"clean_error":{"blur":20.3,"digital":20.3,"extra":20.3,"noise":20.3,"weather":20.3},"mCE":{"blur":57.2849670209,"digital":57.2849670209,"extra":57.2849670209,"noise":57.2849670209,"weather":57.2849670209},"RmCE":{"blur":58.2967834473,"digital":58.2967834473,"extra":58.2967834473,"noise":58.2967834473,"weather":58.2967834473},"result":{"blur":{"glass_blur":{"err":73.9672012329,"by_diff":[40.5959993601,56.8940043449,86.4059984684,91.3760006428,94.5640027523]},"zoom_blur":{"err":75.4580001831,"by_diff":[56.5379977226,69.0039992332,77.6360034943,84.3840003014,89.7279977798]},"motion_blur":{"err":63.9295921326,"by_diff":[35.0459963083,46.8259990215,65.0319993496,82.537996769,90.2060031891]},"defocus_blur":{"err":69.9119949341,"by_diff":[38.5640025139,51.3679981232,75.2539992332,88.8599991798,95.5139994621]}},"digital":{"pixelate":{"err":54.3223991394,"by_diff":[34.1059982777,40.4559999704,46.3859975338,62.3939990997,88.2700026035]},"jpeg_compression":{"err":50.5416030884,"by_diff":[37.4800026417,42.4499958754,45.9920018911,57.0520043373,69.7340011597]},"elastic_transform":{"err":51.2159957886,"by_diff":[31.981998682,54.97199893,39.1899973154,51.6099989414,78.3259987831]},"contrast":{"err":74.7068023682,"by_diff":[44.3080037832,55.6599974632,75.8880019188,97.8600025177,99.8180031776]}},"extra":{"speckle_noise":{"err":49.5439987183,"by_diff":[32.7340006828,36.7879986763,49.9779999256,58.6340010166,69.5860087872]},"gaussian_blur":{"err":62.9687957764,"by_diff":[29.0719985962,38.7260019779,64.8679971695,85.1559996605,97.0219969749]},"spatter":{"err":41.3187980652,"by_diff":[27.4999976158,34.4340026379,42.4019992352,45.6100016832,56.648004055]},"saturate":{"err":32.3223991394,"by_diff":[31.1280012131,32.2099983692,26.4479994774,32.2319984436,39.5940005779]}},"noise":{"gaussian_noise":{"err":55.2203941345,"by_diff":[33.7639987469,40.6780004501,51.5300035477,65.9919977188,84.1380000114]},"shot_noise":{"err":57.1443977356,"by_diff":[34.4539999962,42.4700021744,53.2639980316,71.8019962311,83.7319970131]},"impulse_noise":{"err":60.9252052307,"by_diff":[40.3119951487,49.5199978352,56.7139983177,71.9920039177,86.0880076885]}},"weather":{"snow":{"err":59.4568023682,"by_diff":[40.1620000601,59.4200015068,56.1839997768,65.9020006657,75.6160020828]},"frost":{"err":56.0219955444,"by_diff":[33.7759971619,49.1599947214,61.3620042801,64.2320036888,71.5800046921]},"fog":{"err":69.7399978638,"by_diff":[51.9800007343,62.3860001564,73.0960011482,75.1479923725,86.0899984837]},"brightness":{"err":29.6979999542,"by_diff":[25.9379982948,26.6539990902,28.4060001373,31.3480019569,36.1440002918]}}}}